neighbor_estimator,aggregate_mean_abs_error,aggregate_rmse,selected_pair_source_sensor,selected_pair_target_sensor,selected_pair_mean_abs_error,selected_pair_rmse,pair_count,sample_count_per_pair
mean,0.0026806260846977746,0.0034316830764066484,landsat-8_oli,sentinel-2a_msi,0.002768364490543469,0.0033746334800230796,12,4
distance_weighted_mean,0.002597275936010179,0.003355218082122033,landsat-8_oli,sentinel-2a_msi,0.0026568473686183706,0.0033037861990504167,12,4
simplex_mixture,0.002081616862869511,0.0028198187948412176,landsat-8_oli,sentinel-2a_msi,0.001886209977777832,0.0024594043816051946,12,4
