neighbor_estimator,aggregate_mean_abs_error,aggregate_rmse,selected_pair_source_sensor,selected_pair_target_sensor,selected_pair_mean_abs_error,selected_pair_rmse,pair_count,sample_count_per_pair
mean,0.002665039664390377,0.003444505300829034,landsat-8_oli,sentinel-2a_msi,0.0027682783305574546,0.0033746016142778058,12,4
distance_weighted_mean,0.002579631468110183,0.003367756517382812,landsat-8_oli,sentinel-2a_msi,0.0026567593069046214,0.0033037441302266332,12,4
simplex_mixture,0.002026606519719343,0.0028055734889019294,landsat-8_oli,sentinel-2a_msi,0.0018861238759485027,0.0024593685000267084,12,4
