neighbor_estimator,aggregate_mean_abs_error,aggregate_rmse,selected_pair_source_sensor,selected_pair_target_sensor,selected_pair_mean_abs_error,selected_pair_rmse,pair_count,sample_count_per_pair
mean,0.0027123100170583863,0.003506372969490078,landsat-8_oli,sentinel-2a_msi,0.002944998502863007,0.0035156053975087414,12,4
distance_weighted_mean,0.0026439003387414284,0.0034449610717052982,landsat-8_oli,sentinel-2a_msi,0.002843529630200829,0.0034469984579739944,12,4
simplex_mixture,0.0020548425367145147,0.002883177827116006,landsat-8_oli,sentinel-2a_msi,0.0018384810153529126,0.002456989233627962,12,4
