band_id,segment,reflectance
blue,vnir,0.07064679456673452
green,vnir,0.08765301922753918
red,vnir,0.1009768833933592
nir,vnir,0.12661255937803212
swir1,swir,0.19413388889821703
swir2,swir,0.2243589587357042
