band_id,segment,reflectance
blue,vnir,0.07519568115658573
green,vnir,0.08852922713876141
red,vnir,0.07432137464321642
nir,vnir,0.1619896551528927
swir1,swir,0.16862593587442296
swir2,swir,0.14070518005007718
