band_id,segment,reflectance
blue,vnir,0.0709886589488663
green,vnir,0.08758727876600948
red,vnir,0.10153350695248546
nir,vnir,0.1261397489019468
swir1,swir,0.194810874871852
swir2,swir,0.22485878880268606
