band_id,segment,reflectance
blue,vnir,0.07113745982492803
green,vnir,0.08757392464285293
red,vnir,0.10154322880139248
nir,vnir,0.12612297302051978
swir1,swir,0.19482480037483307
swir2,swir,0.22469506235566736
