band_id,segment,reflectance
ultra_blue,vnir,0.07085113960029404
blue,vnir,0.07713527824774705
green,vnir,0.10862796405298221
red,vnir,0.07328317697291184
nir,vnir,0.40114387155766357
swir1,swir,0.09521605780752897
swir2,swir,0.03305163587766116
