band_id,segment,reflectance
ultra_blue,vnir,0.07205998133287662
blue,vnir,0.07780871828973854
green,vnir,0.10659126682402612
red,vnir,0.07220769105047233
nir,vnir,0.39780413635277273
swir1,swir,0.09543844887054917
swir2,swir,0.033112062890491276
