band_id,segment,reflectance
ultra_blue,vnir,0.07205998133287728
blue,vnir,0.07780871828973901
green,vnir,0.10659126682402636
red,vnir,0.0722076910504732
nir,vnir,0.39873510782627347
swir1,swir,0.09543844887055004
swir2,swir,0.033112062890491185
