band_id,segment,reflectance
ultra_blue,vnir,0.10216785783303398
blue,vnir,0.11291069130291746
green,vnir,0.13689613008704565
red,vnir,0.11305973487032497
nir,vnir,0.33501075855476425
swir1,swir,0.3469555268156521
swir2,swir,0.321664680308844
