sample_id,ultra_blue,blue,green,red,nir,swir1,swir2
dense_vegetation,0.10216785783303398,0.11291069130291746,0.13689613008704565,0.11305973487032497,0.33501075855476425,0.3469555254758589,0.3216646818804032
bright_soil,0.17163836904230034,0.17731638905475067,0.18498929581356974,0.1922306967730512,0.20027502789137708,0.3212252374636534,0.3003969320897063
turbid_water,0.06323506995174798,0.06565798720849687,0.0653796915278074,0.06876354944629665,0.06936964037665364,0.10345226816550211,0.11739533927488341
asphalt,0.07312471622563686,0.07606030782469074,0.07745752858611908,0.07722783849239823,0.05434197246736991,0.06678549661316312,0.07087625316141796
