sample_id,ultra_blue,blue,green,red,nir,swir1,swir2
asphalt_road,0.0664048794060859,0.0754093785646895,0.08874841917057401,0.10327625247011124,0.1272483572241415,0.19309084966108533,0.21525591260946209
blue_spruce_needles,0.07054142659670792,0.07645981546496818,0.10597410265707986,0.07473677569220392,0.4036763468195058,0.09194581808289441,0.03414633697275328
pale_brown_silty_loam,0.06860173677632214,0.09673931828815217,0.18770707830558778,0.29578054461496883,0.3674009365221313,0.48385435442678487,0.45214930797985375
tap_water,0.02816673075740319,0.027108085419188844,0.026449267771608453,0.025834789558706578,0.027115825951424335,0.01949562790217995,0.01793312411818415
