sample_id,ultra_blue,blue,green,red,nir,swir1,swir2
dense_vegetation,0.07826525807080062,0.08834115445711259,0.11143147426889526,0.0861981117919188,0.305907132371084,0.3366527978574319,0.2763948352414904
bright_soil,0.17163836920235756,0.17731638948809628,0.184989295364643,0.1922306953867521,0.20027502708085285,0.32122523760349386,0.3003969319561703
turbid_water,0.1050855007030094,0.10955414888492235,0.11195149881136575,0.1143851049233113,0.10962122702145022,0.16694762029299243,0.1414021606267716
asphalt,0.0727517268477047,0.07912061508307311,0.08838515097202677,0.07388220887611005,0.1608354842541626,0.16694762029299243,0.1414021606267716
