sample_id,ultra_blue,blue,green,red,nir,swir1,swir2
asphalt_road,0.06707397874218338,0.07560493817167417,0.0886779049362403,0.1039513022806564,0.1267470711131569,0.19371756498597212,0.21511457994981228
blue_spruce_needles,0.07317535664608288,0.07837203033553752,0.10574403388542428,0.07295114573402929,0.39861778019313227,0.09523075699717198,0.03424261048000143
pale_brown_silty_loam,0.06571548773418723,0.09810005275282073,0.18952785826296026,0.29322752870798746,0.36471810336003113,0.4838831608167114,0.4521889626820265
tap_water,0.028715756555931077,0.027644378562657376,0.02693322549765415,0.026486146350311577,0.026078481952349606,0.021459797116330642,0.018688732029122464
