sample_id,ultra_blue,blue,green,red,nir,swir1,swir2
asphalt_road,0.06707397875085684,0.07560493817167419,0.08867790493624046,0.10395130228065631,0.12674643293504675,0.19371756498597217,0.2151145799498125
blue_spruce_needles,0.07317535665724735,0.07837203033553786,0.10574403388542493,0.07295114573402994,0.39861727497334004,0.09523075699717207,0.034242610480001504
pale_brown_silty_loam,0.06571548776798415,0.09810005275282153,0.1895278582629581,0.29322752870798574,0.3647186414914719,0.48388316081671123,0.45218896268202696
tap_water,0.028715756554591187,0.027644378562657383,0.026933225497654204,0.026486146350311657,0.026078866865678604,0.021459797116330646,0.018688732029122426
