band_id,segment,reflectance
ultra_blue,vnir,0.07019297014894545
blue,vnir,0.09222965487121221
green,vnir,0.18954756304160333
red,vnir,0.29005736083012185
nir,vnir,0.3619013875897294
swir1,swir,0.48362940588388204
swir2,swir,0.454702114793188
