band_id,segment,reflectance
ultra_blue,vnir,0.06683726390269759
blue,vnir,0.09120369717116336
green,vnir,0.19103371434029084
red,vnir,0.2846312139748434
nir,vnir,0.3640893670599175
swir1,swir,0.4829238663138651
swir2,swir,0.4544328265570883
