band_id,segment,reflectance
ultra_blue,vnir,0.06851035693673407
blue,vnir,0.08911492083626628
green,vnir,0.18944811250821023
red,vnir,0.2874139008174065
nir,vnir,0.3673118578705735
swir1,swir,0.48293443478852743
swir2,swir,0.45440480060369953
