band_id,segment,reflectance
ultra_blue,vnir,0.06683712982069297
blue,vnir,0.09120346802629772
green,vnir,0.19103395585474778
red,vnir,0.2846315899045824
nir,vnir,0.36408919207328655
swir1,swir,0.48292390112132183
swir2,swir,0.4544328758435215
