sample_id,ultra_blue,blue,green,red,nir,swir1,swir2
dense_vegetation,0.03511018,0.04232701,0.08010689,0.02404218,0.56492711,0.45158788,0.28757895
bright_soil,0.16515787,0.16991066,0.17936012,0.190553,0.21574854,0.33057901,0.34816245
turbid_water,0.08220505,0.08545536,0.09594336,0.09473721,0.02853783,0.0,0.0
asphalt,0.05254817,0.05482323,0.05978893,0.06668515,0.08302571,0.1097188,0.13942782
