band_id,reflectance
ultra_blue,0.067593
blue,0.07462977
green,0.08790837
red,0.10450384
nir,0.12414555
swir1,0.19555052
swir2,0.21407463
