band_id,reflectance
blue,0.0538327
green,0.05926091
red,0.06602281
nir,0.08251317
swir1,0.11099006
swir2,0.13331545
