band_id,reflectance
ultra_blue,0.06766724
blue,0.07308879
green,0.08826971
red,0.10323628
nir,0.12662063
swir1,0.19511989
swir2,0.21389012
