band_id,reflectance
ultra_blue,0.06762809
blue,0.07304727
green,0.08817541
red,0.10319781
nir,0.12662339
swir1,0.19504969
swir2,0.21380327
