band_id,reflectance
ultra_blue,0.05254817
blue,0.05482323
green,0.05978893
red,0.06668515
nir,0.08302571
swir1,0.1097188
swir2,0.13942782
