band_id,reflectance
blue,0.07083373
green,0.08644449
red,0.1022167
nir,0.12604066
swir1,0.19707514
swir2,0.22393237
