band_id,reflectance
ultra_blue,0.08565181
blue,0.08363279
green,0.10389397
red,0.06566686
nir,0.39777603
swir1,0.09535801
swir2,0.03491381
