band_id,reflectance
ultra_blue,0.08563549
blue,0.08579193
green,0.10650919
red,0.06205955
nir,0.39794324
swir1,0.09709208
swir2,0.03558418
