band_id,reflectance
ultra_blue,0.08565344
blue,0.08364366
green,0.10364797
red,0.06556322
nir,0.39777808
swir1,0.09562342
swir2,0.03500909
