band_id,reflectance
blue,0.0843571
green,0.11020178
red,0.06843945
nir,0.39754294
swir1,0.10288651
swir2,0.02983579
