band_id,reflectance
ultra_blue,0.16515787
blue,0.16991066
green,0.17936012
red,0.190553
nir,0.21574854
swir1,0.33057901
swir2,0.34816245
