band_id,reflectance
ultra_blue,0.16513106
blue,0.16987606
green,0.17930998
red,0.19051658
nir,0.21575297
swir1,0.33042599
swir2,0.3482796
