band_id,reflectance
ultra_blue,0.16512341
blue,0.17112583
green,0.17918189
red,0.19175461
nir,0.21193485
swir1,0.33139455
swir2,0.34738726
