band_id,reflectance
blue,0.16788803
green,0.17844795
red,0.18954407
nir,0.21477936
swir1,0.33437182
swir2,0.34578214
