band_id,reflectance
ultra_blue,0.03511018
blue,0.04232701
green,0.08010689
red,0.02404218
nir,0.56492711
swir1,0.45158788
swir2,0.28757895
