band_id,reflectance
blue,0.03621187
green,0.08851929
red,0.02642551
nir,0.56485609
swir1,0.44699616
swir2,0.31479796
