band_id,reflectance
ultra_blue,0.03510645
blue,0.04219871
green,0.08044488
red,0.02394959
nir,0.56492701
swir1,0.45173152
swir2,0.28782058
