band_id,reflectance
ultra_blue,0.03511389
blue,0.04791826
green,0.08453977
red,0.02683156
nir,0.56305958
swir1,0.45050115
swir2,0.28577134
