band_id,reflectance
ultra_blue,0.05758506
blue,0.10377802
green,0.19195308
red,0.29057035
nir,0.36457551
swir1,0.4843582
swir2,0.45372467
