band_id,reflectance
ultra_blue,0.05784735
blue,0.09338541
green,0.19296872
red,0.28350073
nir,0.36778876
swir1,0.48420683
swir2,0.45431537
