band_id,reflectance
blue,0.07816032
green,0.18111461
red,0.27784084
nir,0.36727782
swir1,0.48611547
swir2,0.46800331
