band_id,reflectance
ultra_blue,0.05807071
blue,0.09366218
green,0.19350962
red,0.28368705
nir,0.36777489
swir1,0.48421241
swir2,0.45429637
