band_id,reflectance
ultra_blue,0.02864019
blue,0.02791125
green,0.02698539
red,0.02651572
nir,0.0261744
swir1,0.02099513
swir2,0.01889212
