band_id,reflectance
ultra_blue,0.02863228
blue,0.02789226
green,0.02699205
red,0.02652986
nir,0.02617234
swir1,0.02100237
swir2,0.01889161
