band_id,reflectance
blue,0.02881271
green,0.02699479
red,0.026501
nir,0.02601134
swir1,0.02122891
swir2,0.01950426
