band_id,reflectance
ultra_blue,0.02847376
blue,0.02769296
green,0.02691098
red,0.0266567
nir,0.02616659
swir1,0.02101709
swir2,0.01888588
