band_id,reflectance
ultra_blue,0.08220155
blue,0.08663321
green,0.09591013
red,0.09288081
nir,0.03573736
swir1,0.0
swir2,0.0
