band_id,reflectance
ultra_blue,0.08220505
blue,0.08545536
green,0.09594336
red,0.09473721
nir,0.02853783
swir1,0.0
swir2,0.0
