band_id,reflectance
blue,0.08364683
green,0.09516289
red,0.09593499
nir,0.02965464
swir1,0.0
swir2,0.0
