band_id,reflectance
ultra_blue,0.082194
blue,0.0854233
green,0.09590158
red,0.09479523
nir,0.02853535
swir1,0.0
swir2,0.0
