band_id,reflectance
ultra_blue,0.07671693
blue,0.08734468
green,0.11482525
red,0.07960694
nir,0.45069967
swir1,0.41238704
swir2,0.30548844
