band_id,reflectance
ultra_blue,0.07672544
blue,0.08315378
green,0.11186792
red,0.07732564
nir,0.45318996
swir1,0.41286504
swir2,0.30696567
