band_id,reflectance
ultra_blue,0.07671433
blue,0.08305546
green,0.11208171
red,0.07725103
nir,0.45319132
swir1,0.41291375
swir2,0.30716747
