band_id,reflectance
blue,0.07834824
green,0.11729646
red,0.07862345
nir,0.45283154
swir1,0.41095637
swir2,0.3247129
