sample_id,ultra_blue,blue,green,red,nir,swir1,swir2
dense_vegetation,0.03510645,0.04219871,0.08044488,0.02394959,0.56492701,0.45173152,0.28782058
bright_soil,0.16513106,0.16987606,0.17930998,0.19051658,0.21575297,0.33042599,0.3482796
turbid_water,0.082194,0.0854233,0.09590158,0.09479523,0.02853535,0.0,0.0
asphalt,0.0525357,0.05480619,0.05976002,0.06666077,0.08302772,0.10966986,0.13940345
