sample_id,ultra_blue,blue,green,red,nir,swir1,swir2
asphalt_road,0.06766724,0.07308879,0.08826971,0.10323628,0.12662063,0.19511989,0.21389012
blue_spruce_needles,0.08565344,0.08364366,0.10364797,0.06556322,0.39777808,0.09562342,0.03500909
pale_brown_silty_loam,0.05807071,0.09366218,0.19350962,0.28368705,0.36777489,0.48421241,0.45429637
tap_water,0.02863228,0.02789226,0.02699205,0.02652986,0.02617234,0.02100237,0.01889161
