sample_id,ultra_blue,blue,green,red,nir,swir1,swir2
veg_soil_mix,0.07672544,0.08315378,0.11186792,0.07732564,0.45318996,0.41286504,0.30696567
urban_soil_mix,0.14001525,0.14532324,0.15601413,0.16225121,0.16884464,0.22952248,0.25196723
water_edge_mix,0.08173234,0.08776217,0.10874944,0.08935871,0.16752923,0.12588178,0.08901435
