sample_id,ultra_blue,blue,green,red,nir,swir1,swir2
veg_soil_mix,0.07671433,0.08305546,0.11208171,0.07725103,0.45319132,0.41291375,0.30716747
urban_soil_mix,0.13998734,0.14528265,0.15596958,0.16224651,0.16884728,0.22944125,0.25201676
water_edge_mix,0.08171818,0.08769056,0.10877393,0.08937566,0.16752776,0.12579797,0.08902762
