sample_id,blue,green,red,nir,swir1,swir2
veg_soil_mix,0.07834824,0.11729646,0.07862345,0.45283154,0.41095637,0.3247129
urban_soil_mix,0.14295674,0.1552078,0.16202708,0.16831322,0.23158357,0.24842625
water_edge_mix,0.08387631,0.10940257,0.0911923,0.16804712,0.12746682,0.08880187
