sample_id,blue,green,red,nir,swir1,swir2
dense_vegetation,0.03621187,0.08851929,0.02642551,0.56485609,0.44699616,0.31479796
bright_soil,0.16788803,0.17844795,0.18954407,0.21477936,0.33437182,0.34578214
turbid_water,0.08364683,0.09516289,0.09593499,0.02965464,0.0,0.0
asphalt,0.0538327,0.05926091,0.06602281,0.08251317,0.11099006,0.13331545
