sample_id,ultra_blue,blue,green,red,nir,swir1,swir2
asphalt_road,0.067593,0.07462977,0.08790837,0.10450384,0.12662476,0.19555052,0.21407463
blue_spruce_needles,0.08563549,0.08579193,0.10650919,0.06205955,0.39793099,0.09709208,0.03558418
pale_brown_silty_loam,0.05758506,0.10377802,0.19195308,0.29057035,0.36798788,0.4843582,0.45372467
tap_water,0.02847376,0.02769296,0.02691098,0.0266567,0.02616659,0.02101709,0.01888588
