sample_id,ultra_blue,blue,green,red,nir,swir1,swir2
dense_vegetation,0.03511389,0.04791826,0.08453977,0.02683156,0.56305958,0.45050115,0.28577134
bright_soil,0.16512341,0.17112583,0.17918189,0.19175461,0.21193485,0.33139455,0.34738726
turbid_water,0.08220155,0.08663321,0.09591013,0.09288081,0.03573736,0.0,0.0
asphalt,0.05253261,0.05542625,0.05967661,0.06748794,0.08082803,0.11000031,0.13955726
