sample_id,ultra_blue,blue,green,red,nir,swir1,swir2
veg_soil_mix,0.07671693,0.08734468,0.11482525,0.07960694,0.45069967,0.41238704,0.30548844
urban_soil_mix,0.13998317,0.14675085,0.15592019,0.16242032,0.16695049,0.22997245,0.25165415
water_edge_mix,0.08173158,0.0904892,0.10967893,0.08866531,0.16992568,0.12620428,0.08886264
